1,facebook.com
2,google.com
3,youtube.com
4,yahoo.com
5,baidu.com
6,wikipedia.org
7,live.com
8,twitter.com
9,qq.com
10,amazon.com
11,blogspot.com
12,linkedin.com
13,google.co.in
14,taobao.com
15,yahoo.co.jp
16,msn.com
17,sina.com.cn
18,google.com.hk
19,bing.com
20,google.de
21,yandex.ru
22,wordpress.com
23,ebay.com
24,babylon.com
25,google.co.jp
26,google.co.uk
27,google.fr
28,163.com
29,vk.com
30,weibo.com
31,microsoft.com
32,soso.com
33,googleusercontent.com
34,mail.ru
35,google.com.br
36,tumblr.com
37,apple.com
38,pinterest.com
39,craigslist.org
40,paypal.com
41,ask.com
42,google.es
43,xhamster.com
44,google.it
45,sohu.com
46,adobe.com
47,blogger.com
48,google.ru
49,avg.com
50,bbc.co.uk
51,xvideos.com
52,fc2.com
53,imdb.com
54,go.com
55,google.com.mx
56,flickr.com
57,t.co
58,tudou.com
59,google.ca
60,youku.com
61,livejasmin.com
62,tmall.com
63,ifeng.com
64,conduit.com
65,odnoklassniki.ru
66,hao123.com
67,aol.com
68,pornhub.com
69,mywebsearch.com
70,cnn.com
71,espn.go.com
72,ebay.de
73,google.co.id
74,zedo.com
75,thepiratebay.se
76,sogou.com
77,amazon.de
78,rakuten.co.jp
79,alibaba.com
80,google.com.tr
81,about.com
82,google.com.au
83,huffingtonpost.com
84,redtube.com
85,stackoverflow.com
86,360buy.com
87,ebay.co.uk
88,godaddy.com
89,chinaz.com
90,mediafire.com
91,google.pl
92,amazon.co.jp
93,adf.ly
94,wordpress.org
95,360.cn
96,uol.com.br
97,ameblo.jp
98,instagram.com
99,netflix.com
100,youporn.com
101,dailymotion.com
102,imgur.com
103,alipay.com
104,cnet.com
105,amazon.co.uk
106,globo.com
107,bp.blogspot.com
108,livedoor.com
109,4shared.com
110,doubleclick.com
111,xnxx.com
112,nytimes.com
113,torrentz.eu
114,weather.com
115,google.com.sa
116,google.nl
117,searchnu.com
118,livejournal.com
119,incredibar.com
120,neobux.com
121,search-results.com
122,adcash.com
123,ehow.com
124,douban.com
125,vimeo.com
126,dailymail.co.uk
127,google.com.ar
128,tube8.com
129,cnzz.com
130,badoo.com
131,bankofamerica.com
132,renren.com
133,warriorforum.com
134,reddit.com
135,dropbox.com
136,tianya.cn
137,wigetmedia.com
138,aweber.com
139,deviantart.com
140,spiegel.de
141,indiatimes.com
142,pconline.com.cn
143,secureserver.net
144,mozilla.org
145,chase.com
146,google.com.pk
147,blogfa.com
148,kat.ph
149,stumbleupon.com
150,google.com.eg
151,google.co.th
152,google.co.za
153,google.cn
154,sourceforge.net
155,goo.ne.jp
156,booking.com
157,56.com
158,softonic.com
159,amazonaws.com
160,answers.com
161,foxnews.com
162,addthis.com
163,wikimedia.org
164,photobucket.com
165,comcast.net
166,walmart.com
167,wellsfargo.com
168,liveinternet.ru
169,clicksor.com
170,letv.com
171,onet.pl
172,etsy.com
173,reference.com
174,pengyou.com
175,salesforce.com
176,google.co.ve
177,wikia.com
178,allegro.pl
179,outbrain.com
180,depositfiles.com
181,bild.de
182,statcounter.com
183,fiverr.com
184,fbcdn.net
185,skype.com
186,slideshare.net
187,funmoods.com
188,squidoo.com
189,xunlei.com
190,guardian.co.uk
191,58.com
192,themeforest.net
193,myspace.com
194,nbcnews.com
195,google.com.my
196,leboncoin.fr
197,naver.com
198,mgid.com
199,google.com.co
200,adultfriendfinder.com
201,people.com.cn
202,hootsuite.com
203,yesky.com
204,optmd.com
205,zol.com.cn
206,domaintools.com
207,rediff.com
208,soundcloud.com
209,free.fr
210,scribd.com
211,download.com
212,google.com.vn
213,ucoz.ru
214,google.be
215,youjizz.com
216,google.gr
217,archive.org
218,rapidshare.com
219,iqiyi.com
220,w3schools.com
221,xinhuanet.com
222,it168.com
223,espncricinfo.com
224,filestube.com
225,nicovideo.jp
226,files.wordpress.com
227,hostgator.com
228,yelp.com
229,orange.fr
230,yieldmanager.com
231,iminent.com
232,wsj.com
233,isohunt.com
234,google.com.tw
235,tagged.com
236,cam4.com
237,wp.pl
238,google.se
239,imageshack.us
240,tripadvisor.com
241,telegraph.co.uk
242,csdn.net
243,google.at
244,hudong.com
245,xing.com
246,ameba.jp
247,rambler.ru
248,soku.com
249,gmx.net
250,indeed.com
251,web.de
252,google.com.ua
253,ups.com
254,4399.com
255,google.ro
256,taringa.net
257,uploaded.net
258,samsung.com
259,php.net
260,rutracker.org
261,china.com
262,ikea.com
263,kaixin001.com
264,reuters.com
265,pof.com
266,paipai.com
267,hardsextube.com
268,mashable.com
269,google.com.ph
270,libero.it
271,sweetim.com
272,hp.com
273,flipkart.com
274,forbes.com
275,youdao.com
276,github.com
277,ero-advertising.com
278,google.com.pe
279,goal.com
280,google.com.ng
281,hatena.ne.jp
282,2345.com
283,google.ch
284,google.cl
285,ilivid.com
286,blogspot.co.uk
287,pandora.com
288,rapidgator.net
289,weebly.com
290,dianxin.cn
291,clickbank.com
292,narod.ru
293,washingtonpost.com
294,bet365.com
295,wordreference.com
296,mercadolivre.com.br
297,etao.com
298,9gag.com
299,bitauto.com
300,aliexpress.com
301,google.com.sg
302,thefreedictionary.com
303,akamaihd.net
304,drtuber.com
305,amazon.cn
306,soufun.com
307,target.com
308,kakaku.com
309,aizhan.com
310,nfl.com
311,kaskus.co.id
312,constantcontact.com
313,putlocker.com
314,typepad.com
315,dell.com
316,att.com
317,cj.com
318,4dsply.com
319,media.tumblr.com
320,battle.net
321,ku6.com
322,techcrunch.com
323,digitalpoint.com
324,ebay.it
325,hurriyet.com.tr
326,groupon.com
327,twimg.com
328,java.com
329,milliyet.com.tr
330,analyrics.com
331,businessinsider.com
332,gazeta.pl
333,blogspot.de
334,ebay.com.au
335,uimserv.net
336,ezinearticles.com
337,agoda.com
338,match.com
339,usps.com
340,marca.com
341,engadget.com
342,tmz.com
343,extratorrent.com
344,shutterstock.com
345,blogspot.jp
346,kooora.com
347,ganji.com
348,t-online.de
349,amazon.fr
350,terra.com.br
351,movie2k.to
352,popads.net
353,huanqiu.com
354,bestbuy.com
355,adserverplus.com
356,xe.com
357,in.com
358,seznam.cz
359,zimbio.com
360,peyvandha.ir
361,ig.com.br
362,hubpages.com
363,google.pt
364,homeway.com.cn
365,leo.org
366,joomla.org
367,infusionsoft.com
368,hulu.com
369,mailchimp.com
370,xcar.com.cn
371,nih.gov
372,americanexpress.com
373,gsmarena.com
374,ask.fm
375,zanox.com
376,linkbucks.com
377,angege.com
378,istockphoto.com
379,google.ie
380,mlb.com
381,seesaa.net
382,pch.com
383,y8.com
384,freelancer.com
385,alimama.com
386,autohome.com.cn
387,suning.com
388,usatoday.com
389,elpais.com
390,dianping.com
391,google.co.hu
392,51.la
393,mpnrs.com
394,w3.org
395,vnexpress.net
396,admin5.com
397,aili.com
398,mixi.jp
399,google.cz
400,siteadvisor.com
401,maktoob.com
402,twoo.com
403,google.ae
404,nifty.com
405,51.com
406,webs.com
407,fedex.com
408,ebay.fr
409,126.com
410,naver.jp
411,histats.com
412,profitclicking.com
413,dangdang.com
414,yourlust.com
415,detik.com
416,letitbit.net
417,2ch.net
418,speedtest.net
419,elmundo.es
420,bluehost.com
421,daum.net
422,yandex.ua
423,naukri.com
424,pcauto.com.cn
425,google.dk
426,abcnews.go.com
427,gutefrage.net
428,51job.com
429,drudgereport.com
430,cntv.cn
431,over-blog.com
432,turbobit.net
433,enet.com.cn
434,ebay.in
435,adultadworld.com
436,nuvid.com
437,beeg.com
438,google.dz
439,jobrapido.com
440,seomoz.org
441,ign.com
442,mop.com
443,pchome.net
444,varzesh3.com
445,zeekrewards.com
446,imesh.com
447,wix.com
448,sape.ru
449,google.no
450,bloomberg.com
451,1channel.ch
452,rbc.ru
453,ning.com
454,meetup.com
455,repubblica.it
456,capitalone.com
457,monster.com
458,expedia.com
459,chip.de
460,mihanblog.com
461,dmm.co.jp
462,verizonwireless.com
463,mycalendarbook.com
464,lemonde.fr
465,tabelog.com
466,google.co.kr
467,latimes.com
468,bravotube.net
469,10086.cn
470,multiply.com
471,spankwire.com
472,adsupply.com
473,chinanews.com
474,bleacherreport.com
475,fotolia.com
476,justbeenpaid.com
477,commentcamarche.net
478,abril.com.br
479,rr.com
480,ndtv.com
481,hdfcbank.com
482,biglobe.ne.jp
483,jimdo.com
484,cbssports.com
485,pcgames.com.cn
486,nikkei.com
487,wretch.cc
488,google.co.il
489,avito.ru
490,goodreads.com
491,empowernetwork.com
492,linkwithin.com
493,kijiji.ca
494,thesun.co.uk
495,odesk.com
496,sakura.ne.jp
497,surveymonkey.com
498,adnxs.com
499,cnblogs.com
500,largeporntube.com
501,39.net
502,bannersbroker.com
503,zillow.com
504,mynet.com
505,website-unavailable.com
506,twitpic.com
507,google.fi
508,webmd.com
509,wikihow.com
510,drupal.org
511,youm7.com
512,nokia.com
513,myfreecams.com
514,gi-akademie.com
515,bitly.com
516,microsoftonline.com
517,viadeo.com
518,wunderground.com
519,zing.vn
520,blogspot.it
521,114so.cn
522,warriorplus.com
523,mapquest.com
524,mobile.de
525,newegg.com
526,oneindia.in
527,lefigaro.fr
528,buzzfeed.com
529,ultimatepowerprofits.com
530,blackhatworld.com
531,delicious.com
532,searchqu.com
533,jqw.com
534,vancl.com
535,ovh.net
536,clixsense.com
537,jiayuan.com
538,pclady.com.cn
539,yomiuri.co.jp
540,alphaporno.com
541,eastmoney.com
542,livedoor.biz
543,orkut.com
544,ya.ru
545,softpedia.com
546,tradedoubler.com
547,sahibinden.com
548,gotomeeting.com
549,livestrong.com
550,digg.com
551,ibm.com
552,homedepot.com
553,qunar.com
554,exoclick.com
555,lzjl.com
556,xda-developers.com
557,123rf.com
558,mercadolibre.com.ar
559,webmoney.ru
560,immobilienscout24.de
561,nasa.gov
562,accuweather.com
563,backpage.com
564,yoka.com
565,gi-backoffice.com
566,gmw.cn
567,lenta.ru
568,noaa.gov
569,keezmovies.com
570,jquery.com
571,icicibank.com
572,itau.com.br
573,pptv.com
574,irctc.co.in
575,virgilio.it
576,persianblog.ir
577,hi5.com
578,21cn.com
579,retailmenot.com
580,swagbucks.com
581,icbc.com.cn
582,zhaopin.com
583,outlook.com
584,mybrowserbar.com
585,elance.com
586,informer.com
587,pogo.com
588,xtube.com
589,miniclip.com
590,mercadolibre.com.mx
591,feedburner.com
592,livescore.com
593,macys.com
594,corriere.it
595,excite.co.jp
596,taleo.net
597,gc.ca
598,news.com.au
599,livingsocial.com
600,folha.uol.com.br
601,google.sk
602,zynga.com
603,oracle.com
604,pornhublive.com
605,tlbb8.com
606,duowan.com
607,codecanyon.net
608,shopathome.com
609,olx.in
610,ancestry.com
611,porn.com
612,foxsports.com
613,shaadi.com
614,quora.com
615,cbsnews.com
616,porntube.com
617,verizon.com
618,examiner.com
619,stackexchange.com
620,orkut.com.br
621,google.co.ma
622,tribalfusion.com
623,heise.de
624,hotfile.com
625,people.com
626,7k7k.com
627,quikr.com
628,netlog.com
629,habrahabr.ru
630,inbox.com
631,allrecipes.com
632,888.com
633,altervista.org
634,nu.nl
635,interia.pl
636,yellowpages.com
637,ccb.com
638,kinopoisk.ru
639,v9.com
640,issuu.com
641,imagebam.com
642,force.com
643,xyxy.net
644,4tube.com
645,5000pk.com
646,exblog.jp
647,careerbuilder.com
648,blog.com
649,snapdeal.com
650,custhelp.com
651,who.is
652,msn.com.cn
653,myegy.com
654,sapo.pt
655,welt.de
656,list-manage.com
657,bitshare.com
658,lequipe.fr
659,wetter.com
660,blog.163.com
661,nydailynews.com
662,filehippo.com
663,timeanddate.com
664,arpg2.com
665,coupons.com
666,nhk.or.jp
667,hupu.com
668,wiktionary.org
669,hotels.com
670,tabnak.ir
671,so-net.ne.jp
672,templatemonster.com
673,cnbc.com
674,justdial.com
675,sears.com
676,hubspot.com
677,pixnet.net
678,wired.com
679,mangareader.net
680,klout.com
681,okwave.jp
682,sitesell.com
683,asahi.com
684,imagevenue.com
685,makeuseof.com
686,kickstarter.com
687,moneycontrol.com
688,zwaar.net
689,getresponse.com
690,pornerbros.com
691,as.com
692,okcupid.com
693,adscale.de
694,nikkeibp.co.jp
695,sulekha.com
696,searchengines.ru
697,cbslocal.com
698,lifehacker.com
699,cheezburger.com
700,zippyshare.com
701,infolinks.com
702,tnaflix.com
703,discuz.net
704,zendesk.com
705,trulia.com
706,cloob.com
707,alnaddy.com
708,time.com
709,tlbbsifu.com
710,51buy.com
711,google.co.nz
712,tutsplus.com
713,1und1.de
714,yxlady.com
715,mp3skull.com
716,tlbb2.com
717,manta.com
718,blekko.com
719,haberturk.com
720,userapi.com
721,tinypic.com
722,tinyurl.com
723,bodybuilding.com
724,gap.com
725,namecheap.com
726,disney.go.com
727,way2sms.com
728,acesse.com
729,dict.cc
730,google.az
731,dantri.com.vn
732,189.cn
733,hypergames.net
734,baixing.com
735,slutload.com
736,ocn.ne.jp
737,premierleague.com
738,alot.com
739,video-one.com
740,pagesjaunes.fr
741,sanjesh.org
742,lady8844.com
743,hidemyass.com
744,verycd.com
745,www.net.cn
746,qidian.com
747,blogimg.jp
748,amung.us
749,marketwatch.com
750,ustream.tv
751,freakshare.com
752,linksynergy.com
753,weather.com.cn
754,cocolog-nifty.com
755,skysports.com
756,smashingmagazine.com
757,whitepages.com
758,roulettebotplus.com
759,yandex.kz
760,gizmodo.com
761,nikkansports.com
762,babycenter.com
763,cheshi.com.cn
764,priceline.com
765,h2porn.com
766,yihaodian.com
767,skyrock.com
768,td.com
769,kuxun.cn
770,kohls.com
771,aftonbladet.se
772,adult-empire.com
773,itmedia.co.jp
774,usbank.com
775,seowhy.com
776,shareasale.com
777,focus.de
778,hc360.com
779,twcczhu.com
780,masrawy.com
781,watchseries.eu
782,idnes.cz
783,pixiv.net
784,friv.com
785,metacafe.com
786,kompas.com
787,ctrip.com
788,bartarinha.ir
789,360tl.com
790,urbandictionary.com
791,gamespot.com
792,barnesandnoble.com
793,howstuffworks.com
794,bahn.de
795,gumtree.com
796,nudevista.com
797,doorblog.jp
798,sponichi.co.jp
799,geocities.jp
800,partypoker.com
801,ca.gov
802,citibank.com
803,streamate.com
804,fotostrana.ru
805,foursquare.com
806,google.lk
807,24h.com.vn
808,slickdeals.net
809,china.com.cn
810,alarabiya.net
811,businessweek.com
812,google.com.kw
813,hsbc.co.uk
814,perfectgirls.net
815,japanpost.jp
816,blackberry.com
817,mercadolibre.com.ve
818,rightmove.co.uk
819,klikbca.com
820,orf.at
821,novinky.cz
822,gismeteo.ru
823,tubegalore.com
824,jxliu.com
825,zappos.com
826,allocine.fr
827,eventbrite.com
828,overstock.com
829,cmbchina.com
830,pcworld.com
831,magentocommerce.com
832,impress.co.jp
833,softlayer.com
834,lowes.com
835,anonym.to
836,3file.info
837,sfr.fr
838,meetcheap.com
839,weblio.jp
840,macrumors.com
841,rakuten.ne.jp
842,google.bg
843,politico.com
844,ucoz.com
845,sanook.com
846,intuit.com
847,dpreview.com
848,115.com
849,18schoolgirlz.com
850,woot.com
851,18andabused.com
852,bigpoint.com
853,zoho.com
854,forgeofempires.com
855,steampowered.com
856,fatakat.com
857,dmoz.org
858,posterous.com
859,southwest.com
860,mysql.com
861,subscene.com
862,meituan.com
863,earthlink.net
864,r7.com
865,rottentomatoes.com
866,marktplaats.nl
867,motherless.com
868,telegraaf.nl
869,europa.eu
870,akhbarak.net
871,rednet.cn
872,onlinesbi.com
873,subito.it
874,goo.gl
875,payza.com
876,xiaomi.com
877,google.com.ec
878,cnr.cn
879,empflix.com
880,farsnews.com
881,bhaskar.com
882,focus.cn
883,tom.com
884,google.com.do
885,bbc.com
886,tenpay.com
887,exposedwebcams.com
888,linternaute.com
889,ebay.ca
890,smh.com.au
891,npr.org
892,kdnet.net
893,udn.com
894,rt.com
895,sergey-mavrodi.com
896,logsoku.com
897,6.cn
898,patch.com
899,dh818.com
900,lenovo.com
901,foodnetwork.com
902,quickmeme.com
903,meilishuo.com
904,cloudfront.net
905,claro-search.com
906,legacy.com
907,nextag.com
908,onlylady.com
909,chinabroadcast.cn
910,mtime.com
911,google.com.qa
912,ahram.org.eg
913,cnbeta.com
914,babytree.com
915,eyny.com
916,gamefaqs.com
917,citrixonline.com
918,indianrail.gov.in
919,rtl.de
920,realtor.com
921,mcafee.com
922,sunporno.com
923,semrush.com
924,filecrop.com
925,juicyads.com
926,slando.ru
927,118114.cn
928,xici.net
929,justin.tv
930,london2012.org
931,19lou.com
932,alexa.com
933,zoosk.com
934,facenama.com
935,ppstream.com
936,jeuxvideo.com
937,last.fm
938,sueddeutsche.de
939,pornoxo.com
940,allabout.co.jp
941,flippa.com
942,free-tv-video-online.me
943,asos.com
944,traidnt.net
945,cracked.com
946,kayak.com
947,scoop.it
948,quibids.com
949,vente-privee.com
950,clickbank.net
951,tataindicom.com
952,realclearpolitics.com
953,freeones.com
954,auto.ru
955,vg.no
956,mail.com
957,independent.co.uk
958,skycn.com
959,yfrog.com
960,logmein.com
961,bearshare.net
962,tf1.fr
963,twitch.tv
964,musica.com
965,jabong.com
966,tripadvisor.co.uk
967,sky.com
968,liveleak.com
969,caixa.gov.br
970,easyhits4u.com
971,qip.ru
972,adfoc.us
973,bankmellat.ir
974,bidorbuy.co.za
975,yiqifa.com
976,biblegateway.com
977,12306.cn
978,staples.com
979,msn.ca
980,ilmeteo.it
981,iteye.com
982,statscrop.com
983,kicker.de
984,onlinedown.net
985,norton.com
986,admagnet.net
987,android.com
988,51cto.com
989,thedailybeast.com
990,idealo.de
991,weather.gov
992,opensiteexplorer.org
993,pcbaby.com.cn
994,dreamstime.com
995,cy-pr.com
996,subscribe.ru
997,brazzers.com
998,grooveshark.com
999,piriform.com
1000,sanspo.com
1001,icontact.com
1002,boston.com
1003,commbank.com.au
1004,accountonline.com
1005,jugem.jp
1006,lacaixa.es
1007,sockshare.com
1008,avast.com
1009,sbrf.ru
1010,elegantthemes.com
1011,wo.com.cn
1012,kimiss.com
1013,esporte.uol.com.br
1014,docstoc.com
1015,reverso.net
1016,extremetube.com
1017,homeshop18.com
1018,panet.co.il
1019,nike.com
1020,xbox.com
1021,dyndns.org
1022,speedbit.com
1023,ziddu.com
1024,geoadserve2.com
1025,nationalgeographic.com
1026,disqus.com
1027,radikal.ru
1028,pantip.com
1029,ebay.es
1030,theplanet.com
1031,yimg.com
1032,jalan.net
1033,shutterfly.com
1034,craigslist.ca
1035,qq937.com
1036,worldstarhiphop.com
1037,beemp3.com
1038,webmasterworld.com
1039,pcmag.com
1040,dhl.de
1041,yobt.com
1042,sendspace.com
1043,libertyreserve.com
1044,88db.com
1045,klicktrek.com
1046,yandex.net
1047,clarin.com
1048,dtiblog.com
1049,ninemsn.com.au
1050,gnavi.co.jp
1051,ixxx.com
1052,gazzetta.it
1053,o2.pl
1054,gawker.com
1055,intel.com
1056,united.com
1057,meteofrance.com
1058,brothersoft.com
1059,google.com.ly
1060,finn.no
1061,nordstrom.com
1062,fastpic.ru
1063,mediaset.it
1064,mbank.com.pl
1065,liveperson.net
1066,pixmania.com
1067,trafficholder.com
1068,aljazeera.net
1069,chinabyte.com
1070,slate.com
1071,forexfactory.com
1072,thechive.com
1073,enterfactory.com
1074,m-w.com
1075,17173.com
1076,zaluu.com
1077,webhostingtalk.com
1078,fixya.com
1079,att.net
1080,eonline.com
1081,extabit.com
1082,menepe.com
1083,iciba.com
1084,eastday.com
1085,travelocity.com
1086,315che.com
1087,mtv.com
1088,costco.com
1089,google.hr
1090,google.by
1091,cookpad.com
1092,smartresponder.ru
1093,nipic.com
1094,theblaze.com
1095,postbank.de
1096,ci123.com
1097,behance.net
1098,programme-tv.net
1099,delta.com
1100,cox.net
1101,qingdaonews.com
1102,4chan.org
1103,screencast.com
1104,120ask.com
1105,bhphotovideo.com
1106,getfirebug.com
1107,docin.com
1108,iconfinder.com
1109,afimet.com
1110,makemytrip.com
1111,evernote.com
1112,uwavou.com
1113,imgchili.com
1114,google.kz
1115,copyscape.com
1116,directadvert.ru
1117,clkads.com
1118,battlefield.com
1119,zjol.com.cn
1120,ashemaletube.com
1121,tomshardware.com
1122,gamer.com.tw
1123,hot-sex-tube.com
1124,ft.com
1125,blogspot.kr
1126,hostmonster.com
1127,buscape.com.br
1128,sdo.com
1129,sabah.com.tr
1130,mydomainadvisor.com
1131,opera.com
1132,cocoren.com
1133,adonweb.ru
1134,networkedblogs.com
1135,dafont.com
1136,prestashop.com
1137,sinaimg.cn
1138,letras.mus.br
1139,zdnet.com
1140,rutor.org
1141,nypost.com
1142,google.rs
1143,mcssl.com
1144,seoquake.com
1145,servads.com
1146,indiamart.com
1147,incredimail.com
1148,gumtree.co.za
1149,paper.li
1150,classmates.com
1151,mainichi.jp
1152,techradar.com
1153,icicibank.co.in
1154,fapdu.com
1155,marketgid.com
1156,sberbank.ru
1157,tistory.com
1158,youtube-mp3.org
1159,ticketmaster.com
1160,tuenti.com
1161,dhgate.com
1162,sfgate.com
1163,grindtv.com
1164,zhubajie.com
1165,mediaplex.com
1166,pole-emploi.fr
1167,gogetlinks.net
1168,ultimate-guitar.com
1169,inc.com
1170,stern.de
1171,fling.com
1172,direct.gov.uk
1173,1and1.com
1174,r10.net
1175,ilitili.com
1176,warez-bb.org
1177,leparisien.fr
1178,blogsky.com
1179,chicagotribune.com
1180,glassdoor.com
1181,sitepoint.com
1182,made-in-china.com
1183,t-mobile.com
1184,barclays.co.uk
1185,xhamsterhq.com
1186,benaughty.com
1187,amazon.it
1188,gonzoxxxmovies.com
1189,videobash.com
1190,betfair.com
1191,drom.ru
1192,avira.com
1193,comcast.com
1194,correios.com.br
1195,zazzle.com
1196,hindustantimes.com
1197,topix.com
1198,video-lyrics.com
1199,hm.com
1200,eluniversal.com.mx
1201,aparat.com
1202,01net.com
1203,888poker.com
1204,toysrus.com
1205,songspk.pk
1206,woothemes.com
1207,jcpenney.com
1208,ovh.com
1209,tdcanadatrust.com
1210,basecamphq.com
1211,aufeminin.com
1212,shop-pro.jp
1213,iyaya.com
1214,fidelity.com
1215,carview.co.jp
1216,google.lt
1217,nba.com
1218,ria.ru
1219,majesticseo.com
1220,bmi.ir
1221,milanuncios.com
1222,yandex.by
1223,sxc.hu
1224,shufuni.com
1225,52pk.net
1226,blogspot.pt
1227,zalando.de
1228,vistaprint.com
1229,keepvid.com
1230,sprint.com
1231,pchome.com.tw
1232,atwiki.jp
1233,newsru.com
1234,americanas.com.br
1235,usopen.org
1236,ryanair.com
1237,egotastic.com
1238,xvideoslive.com
1239,asp.net
1240,seekingalpha.com
1241,asus.com
1242,pornsharia.com
1243,estadao.com.br
1244,msn.co.jp
1245,netload.in
1246,gome.com.cn
1247,my-hit.ru
1248,nuomi.com
1249,qvc.com
1250,netteller.com
1251,blackhatteam.com
1252,ted.com
1253,basecamp.com
1254,theverge.com
1255,mangahere.com
1256,cbc.ca
1257,blackboard.com
1258,proboards.com
1259,pastebin.com
1260,oschina.net
1261,bb.com.br
1262,ing.nl
1263,discovery.com
1264,wn.com
1265,lanacion.com.ar
1266,city-data.com
1267,autotrader.com
1268,walgreens.com
1269,goodbaby.com
1270,lonelyplanet.com
1271,cafemom.com
1272,sabq.org
1273,apache.org
1274,orbitz.com
1275,break.com
1276,searchremagnified.com
1277,wmtransfer.com
1278,usaa.com
1279,doctissimo.fr
1280,weheartit.com
1281,20minutos.es
1282,fanfiction.net
1283,ynet.co.il
1284,fantasti.cc
1285,exbii.com
1286,abc.es
1287,ad6media.fr
1288,kongregate.com
1289,argentinawarez.com
1290,baomihua.com
1291,echo.msk.ru
1292,google.com.gt
1293,hinet.net
1294,bigfishgames.com
1295,1337x.org
1296,fanatik.com.tr
1297,donanimhaber.com
1298,hellporno.com
1299,televisionfanatic.com
1300,polyvore.com
1301,discoverbing.com
1302,im286.com
1303,e-hentai.org
1304,asg.to
1305,ldblog.jp
1306,ubuntu.com
1307,mynavi.jp
1308,newsmax.com
1309,change.org
1310,777wyx.com
1311,airtel.in
1312,am10.ru
1313,symantec.com
1314,armorgames.com
1315,instructables.com
1316,alc.co.jp
1317,ce.cn
1318,tunein.com
1319,justanswer.com
1320,perezhilton.com
1321,cdiscount.com
1322,jinti.com
1323,flashx.tv
1324,tv-links.eu
1325,20minutes.fr
1326,voyages-sncf.com
1327,voc.com.cn
1328,gudvin.tv
1329,news24.com
1330,chrispederick.com
1331,lockerz.com
1332,searchsafer.com
1333,boc.cn
1334,nyaa.eu
1335,axisbank.com
1336,urban-rivals.com
1337,wmmail.ru
1338,livestream.com
1339,infobae.com
1340,amazon.es
1341,178.com
1342,pr-cy.ru
1343,nouvelobs.com
1344,stardoll.com
1345,imagetwist.com
1346,xiami.com
1347,glispa.com
1348,aa.com
1349,univision.com
1350,teamviewer.com
1351,affili.net
1352,statmyweb.com
1353,intoday.in
1354,cisco.com
1355,conferenceplus.com
1356,redtubelive.com
1357,deezer.com
1358,houzz.com
1359,met-art.com
1360,icloud.com
1361,hiapk.com
1362,metrolyrics.com
1363,chacha.com
1364,ahrefs.com
1365,blogspot.se
1366,tuan800.com
1367,4shared.net
1368,css-tricks.com
1369,ruten.com.tw
1370,codeproject.com
1371,zeobit.com
1372,virtapay.com
1373,hh.ru
1374,guildwars2.com
1375,xtendmedia.com
1376,mit.edu
1377,52tlbb.com
1378,cox.com
1379,vesti.ru
1380,causes.com
1381,domainsite.com
1382,fanpop.com
1383,bidvertiser.com
1384,chefkoch.de
1385,jiji.com
1386,networksolutions.com
1387,tubepleasure.com
1388,hattrick.org
1389,117.79.91.201
1390,filefactory.com
1391,tao123.com
1392,tigerdirect.com
1393,gfan.com
1394,mangafox.me
1395,968tl.com
1396,ikariam.com
1397,clubic.com
1398,tgbus.com
1399,mobile01.com
1400,reliancenetconnect.co.in
1401,breitbart.com
1402,tesco.com
1403,wealth4allteam.com
1404,cartoonnetwork.com
1405,medicinenet.com
1406,uploading.com
1407,real.com
1408,moneysavingexpert.com
1409,easyjet.com
1410,tokobagus.com
1411,xxxbunker.com
1412,500px.com
1413,graphicriver.net
1414,google.tn
1415,yam.com
1416,autoscout24.de
1417,chaturbate.com
1418,chosun.com
1419,yebhi.com
1420,national-lottery.co.uk
1421,firstload.com
1422,chexun.com
1423,tebyan.net
1424,amazon.ca
1425,abc.net.au
1426,gumtree.com.au
1427,kioskea.net
1428,simplyhired.com
1429,bancobrasil.com.br
1430,search-help.net
1431,hilton.com
1432,pcpop.com
1433,google.iq
1434,zeit.de
1435,yobt.tv
1436,gittigidiyor.com
1437,azlyrics.com
1438,ea.com
1439,rozblog.com
1440,crsky.com
1441,video2mp3.net
1442,balagana.net
1443,unam.mx
1444,laredoute.fr
1445,doc88.com
1446,usmagazine.com
1447,mayoclinic.com
1448,myplaycity.com
1449,spotify.com
1450,sulit.com.ph
1451,eztv.it
1452,tiexue.net
1453,viva.co.id
1454,india.com
1455,canalblog.com
1456,sp.gov.br
1457,jvzoo.com
1458,fnac.com
1459,mltdb.com
1460,leagueoflegends.com
1461,bbb.org
1462,mbc.net
1463,blogspot.nl
1464,iza.ne.jp
1465,myntra.com
1466,argos.co.uk
1467,panoramio.com
1468,withbinaryoptions.com
1469,ads8.com
1470,2chblog.jp
1471,index.hu
1472,000webhost.com
1473,airtelforum.com
1474,asriran.com
1475,searchengineland.com
1476,state.gov
1477,natwest.com
1478,justhost.com
1479,iltalehti.fi
1480,stanford.edu
1481,nate.com
1482,diigo.com
1483,megaupload.com
1484,mufg.jp
1485,lego.com
1486,yousendit.com
1487,rayli.com.cn
1488,searchya.com
1489,1uuc.com
1490,getclicky.com
1491,lashou.com
1492,shinobi.jp
1493,discovercard.com
1494,salon.com
1495,mogujie.com
1496,ip138.com
1497,mnwan.com
1498,cerdas.com
1499,priceminister.com
1500,sitemeter.com
1501,garanti.com.tr
1502,haodf.com
1503,blocket.se
1504,billdesk.com
1505,sekindo.com
1506,jrj.com.cn
1507,reverbnation.com
1508,whatismyipaddress.com
1509,sony.com
1510,virginmedia.com
1511,economist.com
1512,barackobama.com
1513,aeriagames.com
1514,google.com.bd
1515,weiphone.com
1516,thehindu.com
1517,vatanim.com.tr
1518,zara.com
1519,abchina.com
1520,no-ip.com
1521,citibank.co.in
1522,bradesco.com.br
1523,dribbble.com
1524,lexpress.fr
1525,tiscali.it
1526,khabaronline.ir
1527,worldoftanks.ru
1528,sedo.com
1529,trademe.co.nz
1530,box.com
1531,mirrorcreator.com
1532,infoseek.co.jp
1533,coo8.com
1534,echoroukonline.com
1535,boursorama.com
1536,loltrk.com
1537,shangdu.com
1538,adam4adam.com
1539,meishichina.com
1540,gazeta.ru
1541,wwe.com
1542,infospace.com
1543,sport1.de
1544,jamnews.ir
1545,khabarfarsi.com
1546,anz.com
1547,buy.com
1548,bitsnoop.com
1549,google.si
1550,eroprofile.com
1551,pnc.com
1552,nk.pl
1553,goodgamestudios.com
1554,torrentreactor.net
1555,literotica.com
1556,plala.or.jp
1557,tangdou.com
1558,google.co.ke
1559,friendfeed.com
1560,wenxuecity.com
1561,prweb.com
1562,lloydstsb.co.uk
1563,noticias.uol.com.br
1564,modelmayhem.com
1565,airbnb.com
1566,n-tv.de
1567,directv.com
1568,roblox.com
1569,sport.pl
1570,wayn.com
1571,learntotradethemarket.com
1572,fandango.com
1573,cpanel.net
1574,szn.cz
1575,brainyquote.com
1576,derstandard.at
1577,thefirstrow.eu
1578,postimage.org
1579,lightinthebox.com
1580,2548.cn
1581,theatlantic.com
1582,technorati.com
1583,jumbofiles.com
1584,theglobeandmail.com
1585,qire123.com
1586,google.com.om
1587,tvguide.com
1588,hotpepper.jp
1589,sootoo.com
1590,fishki.net
1591,nairaland.com
1592,hihi2.com
1593,mamba.ru
1594,zap2it.com
1595,esmas.com
1596,6park.com
1597,torrenthound.com
1598,hespress.com
1599,pingomatic.com
1600,gravatar.com
1601,plusnetwork.com
1602,marriott.com
1603,duote.com
1604,47news.jp
1605,techtudo.com.br
1606,ozon.ru
1607,beareyes.com.cn
1608,tut.by
1609,minus.com
1610,sj-tl.com
1611,shopping.com
1612,indiegogo.com
1613,chomikuj.pl
1614,leho.com
1615,victoriassecret.com
1616,payoneer.com
1617,donga.com
1618,91.com
1619,template-help.com
1620,compete.com
1621,global-rewardztoday.com
1622,super.cz
1623,olx.com.pk
1624,pudelek.pl
1625,irs.gov
1626,talkfusion.com
1627,webex.com
1628,xl.pt
1629,forumcommunity.net
1630,wildberries.ru
1631,miralinks.ru
1632,pixlr.com
1633,ynet.com
1634,celebuzz.com
1635,dagbladet.no
1636,fileserve.com
1637,google.co.cr
1638,olx.com.br
1639,williamhill.com
1640,prothom-alo.com
1641,vid2c.com
1642,cvs.com
1643,facemoods.com
1644,playstation.com
1645,couchsurfing.org
1646,advertstream.com
1647,imagefap.com
1648,seopult.ru
1649,sourtimes.org
1650,dx.com
1651,hapend.biz
1652,blogspot.tw
1653,tubewolf.com
1654,digikala.com
1655,infowars.com
1656,ahherwebcams.com
1657,woorank.com
1658,cars.com
1659,toptenreviews.com
1660,autotrader.co.uk
1661,centrum.cz
1662,kapook.com
1663,handelsblatt.com
1664,appround.biz
1665,faz.net
1666,theweathernetwork.com
1667,dealextreme.com
1668,china.cn
1669,daniweb.com
1670,zcool.com.cn
1671,appledaily.com.tw
1672,startimes.com
1673,solidtrustpay.com
1674,tala.ir
1675,fazenda.gov.br
1676,gayromeo.com
1677,airasia.com
1678,local.com
1679,ellechina.com
1680,ew.com
1681,pornorama.com
1682,multitran.ru
1683,otto.de
1684,daily.co.jp
1685,gougou.com
1686,vmn.net
1687,gamestop.com
1688,seitwert.de
1689,harvard.edu
1690,royalbank.com
1691,mirror.co.uk
1692,firstpost.com
1693,mthai.com
1694,avaxhome.ws
1695,lynda.com
1696,askmen.com
1697,h33t.com
1698,trkjmp.com
1699,qiyou.com
1700,vanguardngr.com
1701,xgo.com.cn
1702,rk.com
1703,ssisurveys.com
1704,charter.net
1705,santander.co.uk
1706,fastclick.com
1707,societe.com
1708,askmefast.com
1709,gongchang.com
1710,studiopress.com
1711,vipshop.com
1712,alice.it
1713,w3school.com.cn
1714,whirlpool.net.au
1715,cbs.com
1716,rtve.es
1717,submarino.com.br
1718,fastcompany.com
1719,securepaynet.net
1720,bookmyshow.com
1721,get-a-fuck-tonight.com
1722,staticflickr.com
1723,gigazine.net
1724,otomoto.pl
1725,4pda.ru
1726,tagesschau.de
1727,wikimapia.org
1728,online.sh.cn
1729,list-manage1.com
1730,livetv.ru
1731,timesjobs.com
1732,food.com
1733,stockstar.com
1734,2shared.com
1735,manager.co.th
1736,poste.it
1737,a8.net
1738,your-server.de
1739,ksl.com
1740,trafficbroker.com
1741,niksalehi.com
1742,thenextweb.com
1743,ekstrabladet.dk
1744,webpronews.com
1745,vatgia.com
1746,filepost.com
1747,markosweb.com
1748,fab.com
1749,etoro.com
1750,googleadservices.com
1751,qype.com
1752,shop.com
1753,payserve.com
1754,kbb.com
1755,sme.sk
1756,tweetmeme.com
1757,webrankinfo.com
1758,ah-me.com
1759,adjuggler.net
1760,perfectmoney.com
1761,wikispaces.com
1762,westpac.com.au
1763,strato.de
1764,overthumbs.com
1765,theage.com.au
1766,alfalfalfa.com
1767,forumfree.it
1768,zhaodao123.com
1769,zulily.com
1770,videodownloadconverter.com
1771,jang.com.pk
1772,home.pl
1773,wnd.com
1774,ip-adress.com
1775,hepsiburada.com
1776,rackspace.com
1777,utorrent.com
1778,transfermarkt.de
1779,blogspot.sg
1780,ole.com.ar
1781,imageporter.com
1782,noticias24.com
1783,laposte.net
1784,tiu.ru
1785,filmweb.pl
1786,rackcdn.com
1787,yr.no
1788,naaptol.com
1789,lepoint.fr
1790,t411.me
1791,skyscrapercity.com
1792,wowhead.com
1793,dhl.com
1794,mts.ru
1795,uuzu.com
1796,imlive.com
1797,dafiti.com.br
1798,dojki.com
1799,buysellads.com
1800,tblop.com
1801,mercola.com
1802,onliner.by
1803,fifa.com
1804,nymphdate.com
1805,caribbeancom.com
1806,gstatic.com
1807,n-mobile.net
1808,ceneo.pl
1809,picofile.com
1810,hotwire.com
1811,bt.com
1812,oricon.co.jp
1813,doodle.com
1814,liberation.fr
1815,techrepublic.com
1816,sify.com
1817,moneybookers.com
1818,tradus.com
1819,criteo.com
1820,mihandownload.com
1821,wetteronline.de
1822,kitco.com
1823,redbox.com
1824,caijing.com.cn
1825,mediatakeout.com
1826,tokyo.jp
1827,garmin.com
1828,depositphotos.com
1829,howtogeek.com
1830,spokeo.com
1831,edmunds.com
1832,hotelscombined.com
1833,squarespace.com
1834,bizrate.com
1835,manhunt.net
1836,tharunaya.co.uk
1837,superpages.com
1838,mywot.com
1839,privalia.com
1840,p5w.net
1841,indowebster.com
1842,i.ua
1843,netvibes.com
1844,elcomercio.pe
1845,rojadirecta.me
1846,realestate.com.au
1847,teacup.com
1848,chinatimes.com
1849,clickjogos.uol.com.br
1850,autoblog.com
1851,cafepress.com
1852,images-amazon.com
1853,playboy.com
1854,santabanta.com
1855,zerohedge.com
1856,articlesbase.com
1857,nextmedia.com
1858,chron.com
1859,miniih.com
1860,everydayhealth.com
1861,instaforex.com
1862,ycasmd.info
1863,nownews.com
1864,searchenginewatch.com
1865,rarbg.com
1866,buenastareas.com
1867,sports.ru
1868,chinadaily.com.cn
1869,all-free-download.com
1870,bizjournals.com
1871,boerse.bz
1872,merchantcircle.com
1873,ixbt.com
1874,naughtyamerica.com
1875,google.com.pr
1876,manzuo.com
1877,pornolab.net
1878,sonymobile.com
1879,hongkiat.com
1880,perfectinter.net
1881,nick.com
1882,becoquins.net
1883,xinnet.com
1884,rlslog.net
1885,webalta.ru
1886,phpwind.net
1887,abola.pt
1888,hornymatches.com
1889,goldenline.pl
1890,lufthansa.com
1891,dpstream.net
1892,ngoisao.net
1893,forums.wordpress.com
1894,wetpaint.com
1895,pornmd.com
1896,gametop.com
1897,lloydstsb.com
1898,championat.com
1899,casino.com
1900,scriptmafia.org
1901,aucfan.com
1902,telecomitalia.it
1903,nnm-club.ru
1904,voila.fr
1905,meinestadt.de
1906,kizi.com
1907,sport.es
1908,hollywoodreporter.com
1909,myfitnesspal.com
1910,kp.ru
1911,torcache.net
1912,mtsindia.in
1913,azet.sk
1914,king.com
1915,resellerclub.com
1916,yahoo.com.cn
1917,fnb.co.za
1918,ime.nu
1919,duba.net
1920,axisbank.co.in
1921,journaldunet.com
1922,eenadu.net
1923,icq.com
1924,mylife.com
1925,arstechnica.com
1926,picmonkey.com
1927,dilandau.eu
1928,mercadolibre.com
1929,mobile9.com
1930,roboform.com
1931,lg.com
1932,uncoverthenet.com
1933,360doc.com
1934,monsterindia.com
1935,authorize.net
1936,kaspersky.com
1937,iltasanomat.fi
1938,zaycev.net
1939,rollingstone.com
1940,bab.la
1941,ibtimes.com
1942,optimum.net
1943,365jia.cn
1944,opencart.com
1945,siteground.com
1946,mapion.co.jp
1947,asklaila.com
1948,qiwi.ru
1949,agame.com
1950,anjuke.com
1951,nic.ru
1952,advfn.com
1953,haberler.com
1954,entrepreneur.com
1955,yahoo-mbga.jp
1956,urbanspoon.com
1957,kinox.to
1958,diandian.com
1959,webry.info
1960,flipora.com
1961,computerbild.de
1962,thestar.com
1963,sidereel.com
1964,numberonebooksystem.com
1965,plurk.com
1966,6pm.com
1967,pingdom.com
1968,google.lv
1969,audible.com
1970,segundamano.es
1971,yaplog.jp
1972,telekom.de
1973,uefa.com
1974,stagram.com
1975,prlog.org
1976,usgs.gov
1977,bampaid.com
1978,thepostgame.com
1979,weeklystandard.com
1980,moheet.com
1981,gorillavid.in
1982,zhihu.com
1983,samsclub.com
1984,say-move.org
1985,bankrate.com
1986,ap.org
1987,steamcommunity.com
1988,muyzorras.com
1989,whois.net
1990,superuser.com
1991,lavanguardia.com
1992,yaplakal.com
1993,souq.com
1994,investopedia.com
1995,girlsgogames.com
1996,hawaaworld.com
1997,realitykings.com
1998,sheknows.com
1999,manutd.com
2000,solarmovie.eu
2001,newsonlineweekly.com
2002,jma.go.jp
2003,fool.com
2004,io9.com
2005,alotporn.com
2006,xinmin.cn
2007,ex.ua
2008,youjizzlive.com
2009,allgameshome.com
2010,vodafone.it
2011,vador.com
2012,yyets.com
2013,minecraft.net
2014,eqla3.com
2015,tympanus.net
2016,pbskids.org
2017,fatwallet.com
2018,51auto.com
2019,funshion.com
2020,hulkshare.com
2021,1616.net
2022,ipage.com
2023,1saleaday.com
2024,oanda.com
2025,newsnow.co.uk
2026,eleconomista.es
2027,xkcd.com
2028,persianv.com
2029,kenh14.vn
2030,rcom.co.in
2031,ccidnet.com
2032,a135.net
2033,yaolan.com
2034,haber7.com
2035,infibeam.com
2036,seloger.com
2037,formspring.me
2038,maybank2u.com.my
2039,dubizzle.com
2040,comdirect.de
2041,theonion.com
2042,shine.com
2043,justjared.com
2044,ensonhaber.com
2045,parispornmovies.com
2046,wetransfer.com
2047,safe-swaps.com
2048,zaobao.com
2049,heroturko.me
2050,55tuan.com
2051,ulink.cc
2052,bankmandiri.co.id
2053,bnpparibas.net
2054,ny.gov
2055,britishairways.com
2056,national.com.au
2057,lumosity.com
2058,mail.uol.com.br
2059,credit-agricole.fr
2060,tomtom.com
2061,smugmug.com
2062,abang.com
2063,googlesyndication.com
2064,zozo.jp
2065,vmware.com
2066,webfail.at
2067,phoenix.edu
2068,vsuch.com
2069,yallakora.com
2070,dynamicdrive.com
2071,114la.com
2072,privatbank.ua
2073,xrea.com
2074,lusongsong.com
2075,aljazeera.com
2076,kmart.com
2077,google.com.sv
2078,goalunited.org
2079,chess.com
2080,wyborcza.biz
2081,adsense-id.com
2082,biglion.ru
2083,mudah.my
2084,sevenforums.com
2085,bestblackhatforum.com
2086,kuronekoyamato.co.jp
2087,hsn.com
2088,forocoches.com
2089,elong.com
2090,ed.gov
2091,cnfol.com
2092,eltiempo.com
2093,webstatsdomain.com
2094,csmonitor.com
2095,dawanda.com
2096,google.com.bo
2097,rockettheme.com
2098,elkhabar.com
2099,discogs.com
2100,suntrust.com
2101,almasryalyoum.com
2102,huaban.com
2103,deutsche-bank.de
2104,suumo.jp
2105,leilao.jp
2106,eversave.com
2107,bigcartel.com
2108,brazzersnetwork.com
2109,vice.com
2110,rivals.com
2111,seobook.com
2112,buzzdock.com
2113,1stwebdesigner.com
2114,royalmail.com
2115,alothome.com
2116,minecraftforum.net
2117,travelzoo.com
2118,techweb.com.cn
2119,micromodelbusinesssystem.com
2120,sou300.com
2121,beeline.ru
2122,planetsuzy.org
2123,cams.com
2124,androidforums.com
2125,tokyo-porn-tube.com
2126,tatadocomo.com
2127,jappy.de
2128,ibanking-services.com
2129,softbank.jp
2130,netaffiliation.com
2131,webnode.com
2132,seosprint.net
2133,free-lance.ru
2134,gamestlbb.com
2135,meneame.net
2136,with2.net
2137,jezebel.com
2138,oi.com.br
2139,kwejk.pl
2140,x-art.com
2141,pornper.com
2142,citysearch.com
2143,aruba.it
2144,scout.com
2145,torrentino.com
2146,naturalnews.com
2147,caisse-epargne.fr
2148,mybrowsercash.com
2149,duckduckgo.com
2150,holidaycheck.de
2151,donews.com
2152,forever21.com
2153,angelfire.com
2154,citi.com
2155,mplife.com
2156,seek.com.au
2157,vmall.com
2158,tripwiremagazine.com
2159,bedbathandbeyond.com
2160,whois.com
2161,berkeley.edu
2162,xnxxmovies.com
2163,infojobs.net
2164,mobilemonopoly.com
2165,aibang.com
2166,arabseed.com
2167,kotaku.com
2168,vietnamnet.vn
2169,imanhua.com
2170,state.tx.us
2171,searchina.ne.jp
2172,vkrugudruzei.ru
2173,ycombinator.com
2174,ascii.jp
2175,buzzle.com
2176,rakuten-bank.co.jp
2177,gamezer.com
2178,wykop.pl
2179,qianlong.com
2180,metafilter.com
2181,idealista.com
2182,pgmediaserve.com
2183,nbcsports.com
2184,addmefast.com
2185,unfranchise.com.tw
2186,clubpenguin.com
2187,bandcamp.com
2188,seemorgh.com
2189,hforcare.com
2190,centurylink.com
2191,starwoodhotels.com
2192,sap.com
2193,directtrack.com
2194,vidxden.com
2195,internetdownloadmanager.com
2196,htc.com
2197,soccerway.com
2198,bookryanair.com
2199,10010.com
2200,zedge.net
2201,nickjr.com
2202,poringa.net
2203,himado.in
2204,elephanttube.com
2205,newgrounds.com
2206,surveyrouter.com
2207,foreningssparbanken.se
2208,sub.jp
2209,sympatico.ca
2210,vivastreet.com
2211,abv.bg
2212,yandex.com.tr
2213,ptcbox.com
2214,slashdot.org
2215,wiley.com
2216,demotywatory.pl
2217,cardekho.com
2218,sttlbb.com
2219,adp.com
2220,36kr.com
2221,petardas.com
2222,youboy.com
2223,ultimate-downloads.com
2224,51fanli.com
2225,expressen.se
2226,cityheaven.net
2227,zakzak.co.jp
2228,sakshi.com
2229,blic.rs
2230,labnol.org
2231,xml-sitemaps.com
2232,52kmh.com
2233,islamweb.net
2234,today.com
2235,hosteurope.de
2236,snopes.com
2237,channel4.com
2238,logitech.com
2239,jobsdb.com
2240,zamunda.net
2241,feedsportal.com
2242,registro.br
2243,index.hr
2244,stubhub.com
2245,ashleymadison.com
2246,shoplocal.com
2247,yootheme.com
2248,rocketnews24.com
2249,prchecker.info
2250,homes.co.jp
2251,west263.com
2252,sex.com
2253,aol.co.uk
2254,kinozal.tv
2255,jiathis.com
2256,pornhost.com
2257,boardreader.com
2258,dinamalar.com
2259,torrentcrazy.com
2260,ingdirect.com
2261,parallels.com
2262,ioffer.com
2263,monografias.com
2264,trialpay.com
2265,ibibo.com
2266,rabobank.nl
2267,gmarket.co.kr
2268,arbeitsagentur.de
2269,mp3raid.com
2270,bunshun.jp
2271,netsuite.com
2272,ecollege.com
2273,socialmediaexaminer.com
2274,hamusoku.com
2275,nbc.com
2276,dion.ne.jp
2277,scotiabank.com
2278,care2.com
2279,quantcast.com
2280,ck101.com
2281,officedepot.com
2282,ennaharonline.com
2283,downloadha.com
2284,ansa.it
2285,xvideos.jp
2286,greatandhra.com
2287,taobaocdn.com
2288,abc.go.com
2289,codeplex.com
2290,mazika2day.com
2291,mylovewebs.cn
2292,wxdownloadmanager.com
2293,blog.hu
2294,golem.de
2295,kddi.com
2296,googlecode.com
2297,pbs.org
2298,reliancebroadband.co.in
2299,jetblue.com
2300,checkoo.com
2301,standardbank.co.za
2302,videarn.com
2303,familydoctor.com.cn
2304,dailycaller.com
2305,aebn.net
2306,irr.ru
2307,bmo.com
2308,ebookee.org
2309,brassring.com
2310,peeplo.com
2311,shareflare.net
2312,crunchbase.com
2313,globaltestmarket.com
2314,jumei.com
2315,pichunter.com
2316,searchcompletion.com
2317,adbrite.com
2318,multiupload.nl
2319,apserver.net
2320,bdnews24.com
2321,usnews.com
2322,fujitv.co.jp
2323,sharethis.com
2324,pixhost.org
2325,liverpoolfc.tv
2326,webtopicture.com
2327,activesearchresults.com
2328,onsugar.com
2329,myorderbox.com
2330,iheart.com
2331,debonairblog.com
2332,aifang.com
2333,hsbccreditcard.com
2334,tvn24.pl
2335,bearshare.com
2336,walla.co.il
2337,mundoanuncio.com
2338,55bbs.com
2339,sprashivai.ru
2340,letsbonus.com
2341,eurosport.fr
2342,drugs.com
2343,forobeta.com
2344,auctiva.com
2345,sony.jp
2346,shopstyle.com
2347,twipple.jp
2348,scottrade.com
2349,ilsole24ore.com
2350,express.com.pk
2351,vodafone.in
2352,openoffice.org
2353,milenio.com
2354,topsy.com
2355,rincondelvago.com
2356,longhoo.net
2357,smartshe.com
2358,imgbox.com
2359,wufoo.com
2360,ukr.net
2361,hgtv.com
2362,shopbop.com
2363,cheapoair.com
2364,superjob.ru
2365,rbcroyalbank.com
2366,wumii.com
2367,poco.cn
2368,xiaomi.cn
2369,digitalspy.co.uk
2370,xcams4u.com
2371,joinsmsn.com
2372,cliphunter.com
2373,zdf.de
2374,flirt4free.com
2375,cduniverse.com
2376,xdf.cn
2377,shopify.com
2378,venturebeat.com
2379,nwolb.com
2380,tv.com
2381,streamcloud.eu
2382,washingtontimes.com
2383,ubuntuforums.org
2384,stepstone.de
2385,damnlol.com
2386,reg.ru
2387,globalewallet.com
2388,all.biz
2389,artlebedev.ru
2390,lapatilla.com
2391,beautyoftheweb.com
2392,bloggers.com
2393,youngpornvideos.com
2394,tweakers.net
2395,india-forums.com
2396,clicrbs.com.br
2397,nabble.com
2398,kankan.com
2399,yoo7.com
2400,tny.cz
2401,rapidlibrary.com
2402,j-cast.com
2403,thaiseoboard.com
2404,mirtesen.ru
2405,1ting.com
2406,mydrivers.com
2407,ryanairhotels.com
2408,xhamstercams.com
2409,hotukdeals.com
2410,vagalume.com.br
2411,ntvmsnbc.com
2412,apartmenttherapy.com
2413,mmgp.ru
2414,col3negoriginal.org
2415,google.com.uy
2416,myvideo.de
2417,meb.gov.tr
2418,rueducommerce.fr
2419,jqueryui.com
2420,blogosfera.uol.com.br
2421,nos.nl
2422,bayt.com
2423,etype.com
2424,irangrand.ir
2425,groupon.com.br
2426,4738.com
2427,ow.ly
2428,wer-kennt-wen.de
2429,schwab.com
2430,evite.com
2431,colissimo.fr
2432,travian.ir
2433,netshoes.com.br
2434,europapress.es
2435,efukt.com
2436,lds.org
2437,fashionandyou.com
2438,elconfidencial.com
2439,gamersky.com
2440,homes.com
2441,menshealth.com
2442,blogmura.com
2443,moviefone.com
2444,vjia.com
2445,affiliatewindow.com
2446,linkhelper.cn
2447,ggpht.com
2448,money.pl
2449,groupon.it
2450,airtel.com
2451,ebaumsworld.com
2452,milfmovs.com
2453,venere.com
2454,fenopy.eu
2455,vector.co.jp
2456,myhabit.com
2457,nymag.com
2458,3dmgame.com
2459,pornbb.org
2460,tellyawards.com
2461,bol.uol.com.br
2462,standardchartered.com
2463,arsenal.com
2464,seasonvar.ru
2465,emirates.com
2466,bravoerotica.com
2467,infojobs.it
2468,centerblog.net
2469,youngleafs.com
2470,elheddaf.com
2471,hsbc.com.hk
2472,intellicast.com
2473,downloadprovider.me
2474,nwsource.com
2475,1and1.es
2476,junglee.com
2477,dl4all.com
2478,buyvip.com
2479,adserverpub.com
2480,nhaccuatui.com
2481,caixin.com
2482,finanzen.net
2483,99designs.com
2484,todo1.com
2485,googleapis.com
2486,pp.cc
2487,websitewelcome.com
2488,qpic.cn
2489,mercadolibre.com.co
2490,20min.ch
2491,cnmo.com
2492,newsit.gr
2493,juegos.com
2494,tokyo-tube.com
2495,groupon.de
2496,chirpme.com
2497,seoprofiler.com
2498,bbandt.com
2499,seocheki.net
2500,allyes.com
2501,itv.com
2502,gtmetrix.com
2503,berniaga.com
2504,madthumbs.com
2505,bestcoolmobile.com
2506,webgains.com
2507,ryushare.com
2508,yardbarker.com
2509,computerbase.de
2510,omniture.com
2511,stuff.co.nz
2512,cnki.net
2513,persiangig.com
2514,minecraftwiki.net
2515,anonymouse.org
2516,panasonic.jp
2517,play.com
2518,guiaconsumidor.com
2519,deadline.com
2520,usafis.org
2521,serverfault.com
2522,day.az
2523,gulfup.com
2524,members.webs.com
2525,support.wordpress.com
2526,adslgate.com
2527,moneymakergroup.com
2528,mundodeportivo.com
2529,togetter.com
2530,gfy.com
2531,manoramaonline.com
2532,itpay.net
2533,ettoday.net
2534,28tui.com
2535,baomoi.com
2536,alfabank.ru
2537,nttdocomo.co.jp
2538,addictinggames.com
2539,forosdelweb.com
2540,sparkpeople.com
2541,orange.co.uk
2542,tubeplus.me
2543,newone.org
2544,cqcb.com
2545,yinyuetai.com
2546,pagseguro.uol.com.br
2547,sciencedirect.com
2548,sonico.com
2549,lotour.com
2550,general-files.com
2551,bol.com
2552,weightwatchers.com
2553,banesconline.com
2554,readnovel.com
2555,newyorker.com
2556,tripadvisor.it
2557,extremetracking.com
2558,absa.co.za
2559,windowsphone.com
2560,smi2.ru
2561,drugstore.com
2562,wimp.com
2563,ovguide.com
2564,in.gr
2565,miibeian.gov.cn
2566,mehrnews.com
2567,prezi.com
2568,redfin.com
2569,linuxquestions.org
2570,avaaz.org
2571,classifiedads.com
2572,ebay.at
2573,societegenerale.fr
2574,testberichte.de
2575,dns-shop.ru
2576,tre.it
2577,datpiff.com
2578,complex.com
2579,kompasiana.com
2580,enfemenino.com
2581,10jqka.com.cn
2582,mglradio.com
2583,vogue.com.cn
2584,360sou.com
2585,iran-forum.ir
2586,9348.cn
2587,seriesyonkis.com
2588,xpress.com
2589,list.ru
2590,huffingtonpost.co.uk
2591,wyborcza.pl
2592,locaweb.com.br
2593,dailykos.com
2594,discuss.com.hk
2595,alwafd.org
2596,tripadvisor.in
2597,sporx.com
2598,bramjnet.com
2599,tfl.gov.uk
2600,q.gs
2601,yuku.com
2602,peixeurbano.com.br
2603,filesonic.com
2604,rotoworld.com
2605,balatarin.com
2606,mediotiempo.com
2607,titan24.com
2608,lastminute.com
2609,shopclues.com
2610,canalplus.fr
2611,mk.co.kr
2612,kugou.com
2613,lowyat.net
2614,hs.fi
2615,bankia.es
2616,amarillasinternet.com
2617,gob.es
2618,macworld.com
2619,cleartrip.com
2620,newsmth.net
2621,megafon.ru
2622,tiao8.info
2623,eforosh.com
2624,beytoote.com
2625,voanews.com
2626,pgatour.com
2627,sephora.com
2628,mint.com
2629,seriescoco.com
2630,tui18.com
2631,sexytube.me
2632,gumtree.pl
2633,timewarnercable.com
2634,gogvo.com
2635,shopzilla.com
2636,thomann.de
2637,blick.ch
2638,p30download.com
2639,nrk.no
2640,secureinternetbank.com
2641,boxofficemojo.com
2642,dw.de
2643,cabelas.com
2644,07073.com
2645,myfonts.com
2646,tuniu.com
2647,jb51.net
2648,jusbrasil.com.br
2649,yengo.com
2650,o2online.de
2651,erepublik.com
2652,3366.com
2653,sankeibiz.jp
2654,bwin.com
2655,sky.it
2656,e-rewards.com
2657,3dnews.ru
2658,linguee.de
2659,bigxvideos.com
2660,longtailvideo.com
2661,payamsara.com
2662,gizmodo.jp
2663,xuite.net
2664,profit-partner.ru
2665,dict.cn
2666,bangbros.com
2667,aftenposten.no
2668,freepik.com
2669,llnw.com
2670,ajc.com
2671,loveplanet.ru
2672,manhub.com
2673,sportlemon.tv
2674,shahrekhabar.com
2675,hbtv.com.cn
2676,bookings.org
2677,apetube.com
2678,b92.net
2679,djelfa.info
2680,icims.com
2681,sharebeast.com
2682,blox.pl
2683,thegoldenpath.biz
2684,funnyordie.com
2685,carwale.com
2686,nzherald.co.nz
2687,ana.co.jp
2688,ricardo.ch
2689,geico.com
2690,talkingpointsmemo.com
2691,experienceproject.com
2692,bouyguestelecom.fr
2693,phonearena.com
2694,nowvideo.eu
2695,nazwa.pl
2696,softonic.it
2697,lolmake.com
2698,opodo.co.uk
2699,wisegeek.com
2700,watchtower.com
2701,104.com.tw
2702,dailybag.net
2703,jorudan.co.jp
2704,google.jo
2705,nanapi.jp
2706,zoopla.co.uk
2707,delfi.lt
2708,discover.com
2709,bigresource.com
2710,seroundtable.com
2711,hotscripts.com
2712,etrade.com
2713,alarab.net
2714,elsiglodetorreon.com.mx
2715,3s-business.biz
2716,juno.com
2717,lidl.de
2718,hankooki.com
2719,61baobao.com
2720,gavick.com
2721,godlikeproductions.com
2722,ems.com.cn
2723,footmercato.net
2724,freeporn.com
2725,wjunction.com
2726,mktmobi.com
2727,draugiem.lv
2728,tu.tv
2729,willhaben.at
2730,banquepopulaire.fr
2731,affiliaxe.com
2732,rae.es
2733,16mb.com
2734,yell.com
2735,gophoto.it
2736,getgoodlinks.ru
2737,funnyjunk.com
2738,foundationapi.com
2739,2ch-c.net
2740,wer-weiss-was.de
2741,formula1.com
2742,888poker.es
2743,developpez.net
2744,mngtv.com
2745,5earch.com
2746,stockcharts.com
2747,batepapo.uol.com.br
2748,dummies.com
2749,alfemminile.com
2750,freenet.de
2751,idwm.ru
2752,sportbox.ru
2753,mercadopago.com
2754,makepolo.com
2755,findicons.com
2756,ideacellular.com
2757,himasoku.com
2758,wcarev.com
2759,home.ne.jp
2760,net-a-porter.com
2761,tineye.com
2762,baihe.com
2763,plotek.pl
2764,hotmail.com
2765,google.ba
2766,mizuhobank.co.jp
2767,atmarkit.co.jp
2768,techsmith.com
2769,marthastewart.com
2770,apsense.com
2771,weloveshopping.com
2772,sixrevisions.com
2773,tharunee.com
2774,plugrush.com
2775,autoscout24.it
2776,cdc.gov
2777,similarsites.com
2778,warnerbros.com
2779,elimparcial.com
2780,papajohns.com
2781,consumerreports.org
2782,lurkmore.to
2783,rozetka.com.ua
2784,smotri.com
2785,5d6d.net
2786,allmyvideos.net
2787,mangastream.com
2788,marksandspencer.com
2789,gammae.com
2790,sudu.cn
2791,banamex.com.mx
2792,xxxkinky.com
2793,pricegrabber.com
2794,topface.com
2795,push2check.com
2796,geizhals.at
2797,clickindia.com
2798,dastelefonbuch.de
2799,immonet.de
2800,imobile.com.cn
2801,pchouse.com.cn
2802,azcentral.com
2803,rei.com
2804,ccavenue.com
2805,aboutus.org
2806,indianexpress.com
2807,immowelt.de
2808,grepolis.com
2809,theoatmeal.com
2810,hbr.org
2811,rus.ec
2812,ivi.ru
2813,ename.cn
2814,assets.tumblr.com
2815,3s-business.com
2816,regions.com
2817,deadspin.com
2818,fobshanghai.com
2819,joomlart.com
2820,translate.ru
2821,zomato.com
2822,myblogguest.com
2823,ebookbrowse.com
2824,buienradar.nl
2825,gboxapp.com
2826,uuu9.com
2827,thedailyshow.com
2828,svyaznoy.ru
2829,daqi.com
2830,elwatannews.com
2831,toshiba.com
2832,peerfly.com
2833,khanacademy.org
2834,sponsoredreviews.com
2835,creativecommons.org
2836,tablica.pl
2837,jobstreet.com
2838,pornup.me
2839,stylebistro.com
2840,70e.com
2841,zend.com
2842,yuvutu.com
2843,gigaom.com
2844,expansiondirecto.com
2845,tizag.com
2846,neimanmarcus.com
2847,qq-mm2010.com
2848,jal.co.jp
2849,mnova.eu
2850,johnlewis.com
2851,wikitravel.org
2852,thefind.com
2853,778669.com
2854,mail2web.com
2855,lun.com
2856,m1905.com
2857,lvmama.com
2858,nascar.com
2859,28.com
2860,joemonster.org
2861,aarp.org
2862,525j.com.cn
2863,mmo-champion.com
2864,about.me
2865,firestorage.jp
2866,gov.it
2867,prelaunchx.com
2868,e1.ru
2869,downxia.com
2870,nature.com
2871,lancenet.com.br
2872,booksky.org
2873,cuevana.tv
2874,lovefilm.com
2875,mywebgrocer.com
2876,en.wordpress.com
2877,orange.pl
2878,theregister.co.uk
2879,17u.cn
2880,mobypicture.com
2881,miniinthebox.com
2882,cloudflare.com
2883,diamond.jp
2884,focalprice.com
2885,youlikehits.com
2886,opensubtitles.org
2887,exploader.net
2888,asana.com
2889,beforeitsnews.com
2890,epinions.com
2891,eluniversal.com
2892,sedty.com
2893,click.in
2894,abclocal.go.com
2895,dizimag.com
2896,sonicomusica.com
2897,speckyboy.com
2898,vevo.com
2899,landsend.com
2900,dailyfinance.com
2901,duden.de
2902,m5zn.com
2903,gilt.com
2904,dmm.com
2905,adoresearch.com
2906,bayfiles.com
2907,beatport.com
2908,pornrabbit.com
2909,runescape.com
2910,nj.com
2911,cqnews.net
2912,uscis.gov
2913,google.co.ug
2914,ftd.de
2915,korrespondent.net
2916,alriyadh.com
2917,anandtech.com
2918,geo.tv
2919,chuangelm.com
2920,openadserving.com
2921,leiting001.com
2922,russianpost.ru
2923,langlaoda.com
2924,orkut.co.in
2925,hotklix.com
2926,nationwide.co.uk
2927,greenwichmeantime.com
2928,gulli.com
2929,labanquepostale.fr
2930,wpmu.org
2931,gfxtra.com
2932,ebayclassifieds.com
2933,mafengwo.cn
2934,cosme.net
2935,avangate.com
2936,bancomer.com.mx
2937,almubasher.com.sa
2938,dreamhost.com
2939,jsfiddle.net
2940,rookee.ru
2941,coneco.net
2942,rutube.ru
2943,problogger.net
2944,bmail.uol.com.br
2945,dkb.de
2946,xmarks.com
2947,ingdirect.es
2948,arcor.de
2949,acer.com
2950,plus28.com
2951,hmrc.gov.uk
2952,shorouknews.com
2953,99acres.com
2954,webpagetest.org
2955,jeevansathi.com
2956,cyberciti.biz
2957,netease.com
2958,hotair.com
2959,indeed.co.in
2960,seesaa.jp
2961,svd.se
2962,hzycsj.com
2963,inmotionhosting.com
2964,usenet.nl
2965,uniqlo.com
2966,vrbo.com
2967,enorth.com.cn
2968,iptorrents.com
2969,mydigitallife.info
2970,123-reg.co.uk
2971,qqbaobao.com
2972,mazanex.com
2973,prnewswire.com
2974,secondlife.com
2975,drive2.ru
2976,lyricsfreak.com
2977,torrents.net
2978,chetx.com
2979,onlinecreditcenter6.com
2980,ganool.com
2981,pingan.com
2982,alisoft.com
2983,gaytube.com
2984,one.com
2985,google.mn
2986,livehotty.com
2987,techtarget.com
2988,zoznam.sk
2989,cooks.com
2990,yasni.de
2991,591hx.com
2992,698633.com
2993,123greetings.com
2994,yatra.com
2995,codingforums.com
2996,weathernews.jp
2997,lostfilm.tv
2998,angieslist.com
2999,cibc.com
3000,eharmony.com
3001,utexas.edu